{"classes": ["down", "front", "left", "right", "still", "up"], "mean": [[[-0.4765488803386688, 0.5123229026794434, -0.21973125636577606, -0.01396484486758709, 0.09708882868289948, -0.49677619338035583]]], "std": [[[16.046907424926758, 15.53460693359375, 16.19628143310547, 0.17297233641147614, 0.2079198658466339, 0.5193648338317871]]], "timesteps": 200}