{
  "classes": [
    "down",
    "front",
    "left",
    "right",
    "still",
    "undefined",
    "up"
  ],
  "mean": [
    -0.9516523480415344,
    1.0130267143249512,
    -0.44401687383651733,
    -0.027566734701395035,
    0.19213300943374634,
    -0.9869133830070496
  ],
  "std": [
    22.676923751831055,
    21.948461532592773,
    22.89988136291504,
    0.24375328421592712,
    0.26008835434913635,
    0.22889447212219238
  ],
  "timesteps": 100
}