{"classes": ["down", "left", "right", "up"], "mean": [[[4.774049282073975, -1.2901968955993652, 3.3437659740448]]], "std": [[[85.60407257080078, 77.5090560913086, 148.4381866455078]]], "timesteps": 200}